module.features.init_block.conv.activ.clip_val,module.features.stage1.unit1.body.conv1.activ.clip_val,module.features.stage1.unit1.body.conv2.activ.clip_val,module.features.stage1.unit1.activ.clip_val,module.features.stage1.unit2.body.conv1.activ.clip_val,module.features.stage1.unit2.body.conv2.activ.clip_val,module.features.stage1.unit2.activ.clip_val,module.features.stage1.unit3.body.conv1.activ.clip_val,module.features.stage1.unit3.body.conv2.activ.clip_val,module.features.stage1.unit3.activ.clip_val,module.features.stage2.unit1.body.conv1.activ.clip_val,module.features.stage2.unit1.body.conv2.activ.clip_val,module.features.stage2.unit1.activ.clip_val,module.features.stage2.unit2.body.conv1.activ.clip_val,module.features.stage2.unit2.body.conv2.activ.clip_val,module.features.stage2.unit2.activ.clip_val,module.features.stage2.unit3.body.conv1.activ.clip_val,module.features.stage2.unit3.body.conv2.activ.clip_val,module.features.stage2.unit3.activ.clip_val,module.features.stage2.unit4.body.conv1.activ.clip_val,module.features.stage2.unit4.body.conv2.activ.clip_val,module.features.stage2.unit4.activ.clip_val,module.features.stage3.unit1.body.conv1.activ.clip_val,module.features.stage3.unit1.body.conv2.activ.clip_val,module.features.stage3.unit1.activ.clip_val,module.features.stage3.unit2.body.conv1.activ.clip_val,module.features.stage3.unit2.body.conv2.activ.clip_val,module.features.stage3.unit2.activ.clip_val,module.features.stage3.unit3.body.conv1.activ.clip_val,module.features.stage3.unit3.body.conv2.activ.clip_val,module.features.stage3.unit3.activ.clip_val,module.features.stage3.unit4.body.conv1.activ.clip_val,module.features.stage3.unit4.body.conv2.activ.clip_val,module.features.stage3.unit4.activ.clip_val,module.features.stage3.unit5.body.conv1.activ.clip_val,module.features.stage3.unit5.body.conv2.activ.clip_val,module.features.stage3.unit5.activ.clip_val,module.features.stage3.unit6.body.conv1.activ.clip_val,module.features.stage3.unit6.body.conv2.activ.clip_val,module.features.stage3.unit6.activ.clip_val,module.features.stage4.unit1.body.conv1.activ.clip_val,module.features.stage4.unit1.body.conv2.activ.clip_val,module.features.stage4.unit1.activ.clip_val,module.features.stage4.unit2.body.conv1.activ.clip_val,module.features.stage4.unit2.body.conv2.activ.clip_val,module.features.stage4.unit2.activ.clip_val,module.features.stage4.unit3.body.conv1.activ.clip_val,module.features.stage4.unit3.body.conv2.activ.clip_val,module.features.stage4.unit3.activ.clip_val
8.089326858520508,7.879104137420654,7.87842321395874,7.879316329956055,7.878703594207764,7.878473281860352,7.8796706199646,7.8790974617004395,7.878574371337891,7.884019374847412,7.878597736358643,7.878601551055908,7.89022159576416,7.878439426422119,7.878391742706299,7.895075798034668,7.879273414611816,7.878628730773926,7.897324562072754,7.885776996612549,7.878566741943359,7.923018455505371,7.879875183105469,7.886196136474609,7.914063453674316,7.8804497718811035,7.8803582191467285,7.895183086395264,7.879170894622803,7.897720813751221,7.901973247528076,7.879914283752441,7.886142730712891,7.9112114906311035,7.885679244995117,7.885017395019531,7.9330620765686035,7.8842573165893555,7.887092113494873,8.01450252532959,7.879106521606445,7.878519535064697,7.936072826385498,7.879908084869385,7.878685474395752,7.975725173950195,7.891788482666016,7.941397666931152,8.376886367797852
8.088808059692383,7.876767635345459,7.876048564910889,7.876945495605469,7.876328468322754,7.876098155975342,7.87732458114624,7.8767242431640625,7.876199722290039,7.8819804191589355,7.876222610473633,7.87622594833374,7.888289451599121,7.876064777374268,7.876016616821289,7.893336772918701,7.876899719238281,7.876255989074707,7.895530700683594,7.883670330047607,7.87619161605835,7.921608924865723,7.8775177001953125,7.883968830108643,7.912466526031494,7.8781232833862305,7.878075122833252,7.893378257751465,7.876823425292969,7.8957929611206055,7.900338649749756,7.877542495727539,7.884189605712891,7.909705638885498,7.883519649505615,7.882845401763916,7.931739330291748,7.882073879241943,7.884995937347412,8.014307975769043,7.876733303070068,7.876143932342529,7.934793472290039,7.877547740936279,7.876315593719482,7.9748430252075195,7.889976501464844,7.93982458114624,8.381535530090332
8.088249206542969,7.874427318572998,7.873673439025879,7.874578475952148,7.873953342437744,7.873723030090332,7.874992370605469,7.874349594116211,7.8738250732421875,7.879870891571045,7.873847484588623,7.873850345611572,7.886383533477783,7.873691082000732,7.8736419677734375,7.891561031341553,7.874523162841797,7.8738813400268555,7.893760681152344,7.881484508514404,7.87381649017334,7.920191287994385,7.875164031982422,7.881803512573242,7.910860538482666,7.875813007354736,7.875840663909912,7.891513347625732,7.874466419219971,7.893874168395996,7.898646831512451,7.875194072723389,7.882110595703125,7.908190727233887,7.881346225738525,7.880698204040527,7.9303741455078125,7.879838943481445,7.882805347442627,8.014055252075195,7.874358654022217,7.8737688064575195,7.933487415313721,7.875180244445801,7.873940944671631,7.973916530609131,7.888108253479004,7.938510417938232,8.385878562927246
8.087794303894043,7.872103691101074,7.871298313140869,7.872215270996094,7.871579647064209,7.871347904205322,7.872642517089844,7.871974468231201,7.871449947357178,7.877828598022461,7.87147331237793,7.8714752197265625,7.884428024291992,7.871316909790039,7.871266841888428,7.88980770111084,7.872148036956787,7.871506214141846,7.891998291015625,7.879355430603027,7.871440887451172,7.918752670288086,7.872809886932373,7.879629135131836,7.909185886383057,7.873491287231445,7.873527526855469,7.889723300933838,7.872104167938232,7.891968727111816,7.896955490112305,7.872828960418701,7.880191326141357,7.90668249130249,7.879129409790039,7.878482341766357,7.929047107696533,7.87763786315918,7.880654335021973,8.013884544372559,7.871990203857422,7.871392726898193,7.93223762512207,7.872804641723633,7.8715715408325195,7.973078727722168,7.886319637298584,7.937064170837402,8.391929626464844
8.087167739868164,7.869754791259766,7.868924140930176,7.869854927062988,7.86920690536499,7.8689727783203125,7.870281219482422,7.869599342346191,7.869074821472168,7.8756914138793945,7.869097709655762,7.869100093841553,7.88245153427124,7.8689422607421875,7.868891716003418,7.8880228996276855,7.869772434234619,7.869131088256836,7.890273094177246,7.877286434173584,7.86906623840332,7.917308330535889,7.8704609870910645,7.877431869506836,7.907663345336914,7.871184349060059,7.871274471282959,7.887892246246338,7.869745254516602,7.890048503875732,7.895195007324219,7.870485305786133,7.878220081329346,7.905168056488037,7.876885890960693,7.876317977905273,7.9277119636535645,7.8754353523254395,7.878461837768555,8.013618469238281,7.869621753692627,7.869017601013184,7.9309587478637695,7.870434761047363,7.869204044342041,7.972192287445068,7.884483337402344,7.935550212860107,8.397254943847656
8.086662292480469,7.867424964904785,7.866549015045166,7.867492198944092,7.866832733154297,7.866597652435303,7.867968559265137,7.867224216461182,7.866699695587158,7.873640060424805,7.866722106933594,7.866724967956543,7.880507946014404,7.866568565368652,7.866516590118408,7.886262893676758,7.867398738861084,7.866758346557617,7.88850212097168,7.875255107879639,7.8666911125183105,7.9158453941345215,7.868110179901123,7.875308513641357,7.906112194061279,7.8688788414001465,7.869049072265625,7.8861002922058105,7.867392063140869,7.888134956359863,7.8935089111328125,7.868149757385254,7.876196384429932,7.903679370880127,7.874721050262451,7.874185085296631,7.9264116287231445,7.873246669769287,7.87632942199707,8.013381004333496,7.867247581481934,7.866642951965332,7.929645538330078,7.868066787719727,7.866835594177246,7.971298694610596,7.8825812339782715,7.934005260467529,8.40254020690918
8.086281776428223,7.865097522735596,7.864173889160156,7.865126609802246,7.864460468292236,7.864223003387451,7.865656852722168,7.864848613739014,7.864324569702148,7.871583461761475,7.864346504211426,7.864349842071533,7.878628730773926,7.864193439483643,7.864141464233398,7.884552955627441,7.865024089813232,7.864383220672607,7.886707782745361,7.873177528381348,7.864315509796143,7.914448261260986,7.865765571594238,7.8731536865234375,7.904567241668701,7.866572856903076,7.86679220199585,7.88431978225708,7.865024089813232,7.88618803024292,7.891870021820068,7.865799427032471,7.874199390411377,7.902192115783691,7.872539520263672,7.87196159362793,7.925036907196045,7.8711090087890625,7.874228477478027,8.013090133666992,7.864875793457031,7.864266872406006,7.92838716506958,7.865691661834717,7.864466190338135,7.970333099365234,7.8807783126831055,7.932460308074951,8.407519340515137
8.085597038269043,7.862762451171875,7.861799716949463,7.862771034240723,7.862083911895752,7.861847877502441,7.863351345062256,7.862475395202637,7.8619489669799805,7.8694167137146,7.861971378326416,7.861974716186523,7.876711845397949,7.861819267272949,7.8617658615112305,7.882800579071045,7.862649440765381,7.862010955810547,7.884934425354004,7.871153354644775,7.861939907073975,7.913032054901123,7.863434791564941,7.8709917068481445,7.902970790863037,7.864261150360107,7.864568710327148,7.882543087005615,7.862665176391602,7.884244918823242,7.89024543762207,7.8634419441223145,7.872313499450684,7.900610446929932,7.870416641235352,7.8697896003723145,7.923733711242676,7.868934631347656,7.872082710266113,8.012978553771973,7.862525939941406,7.86189079284668,7.927097320556641,7.863320350646973,7.862092018127441,7.969483852386475,7.878976821899414,7.930853366851807,8.412381172180176
8.085110664367676,7.860414028167725,7.859424591064453,7.860404014587402,7.859711647033691,7.85947322845459,7.861056327819824,7.860100269317627,7.859573841094971,7.8673577308654785,7.8595967292785645,7.859600067138672,7.874720573425293,7.859443664550781,7.859390735626221,7.881043434143066,7.860274791717529,7.859633922576904,7.883090972900391,7.8690505027771,7.859564781188965,7.911595344543457,7.861079692840576,7.868901252746582,7.901448726654053,7.861990451812744,7.86228609085083,7.88072395324707,7.8603339195251465,7.882381439208984,7.888504981994629,7.861083984375,7.870365142822266,7.899127960205078,7.868121147155762,7.867483615875244,7.922396183013916,7.866700172424316,7.869842529296875,8.012785911560059,7.860454559326172,7.859516143798828,7.926121711730957,7.860951900482178,7.859718322753906,7.969073295593262,7.8773040771484375,7.9301981925964355,8.426981925964355
8.084587097167969,7.8581156730651855,7.857049465179443,7.858048439025879,7.8573384284973145,7.85709810256958,7.858728885650635,7.857726097106934,7.857199668884277,7.865329742431641,7.857221603393555,7.85722541809082,7.872762203216553,7.85706901550293,7.857015609741211,7.879312515258789,7.857900142669678,7.8572587966918945,7.881394863128662,7.867037773132324,7.857189655303955,7.9101243019104,7.8588151931762695,7.86697244644165,7.8998494148254395,7.859724521636963,7.860175132751465,7.878842353820801,7.857979774475098,7.880438804626465,7.886691570281982,7.858731269836426,7.868190288543701,7.897698402404785,7.865861415863037,7.865166664123535,7.921010494232178,7.864475250244141,7.867526531219482,8.012452125549316,7.858092308044434,7.857141494750977,7.925355434417725,7.858579158782959,7.857343673706055,7.969142436981201,7.8755974769592285,7.930156707763672,8.44307804107666
8.084508895874023,7.855793476104736,7.854674339294434,7.855684280395508,7.854964256286621,7.8547234535217285,7.856405735015869,7.855350017547607,7.854825973510742,7.863226890563965,7.854846477508545,7.854850769042969,7.8708696365356445,7.854694366455078,7.854640483856201,7.8775763511657715,7.855523586273193,7.854886054992676,7.879775047302246,7.865017890930176,7.854814529418945,7.908755779266357,7.856515407562256,7.864990711212158,7.898263931274414,7.857457160949707,7.8581109046936035,7.877056121826172,7.855624198913574,7.878551006317139,7.885001182556152,7.856395244598389,7.866115093231201,7.89625358581543,7.863656044006348,7.862964630126953,7.9196906089782715,7.862339019775391,7.865296840667725,8.01224422454834,7.855721950531006,7.8547682762146,7.924335479736328,7.856206893920898,7.854968547821045,7.969186782836914,7.873959064483643,7.930152416229248,8.454675674438477
8.084482192993164,7.851186275482178,7.849912643432617,7.850978374481201,7.850204944610596,7.849961280822754,7.851823806762695,7.850590705871582,7.850062847137451,7.859239101409912,7.85008430480957,7.850090026855469,7.867183208465576,7.849934101104736,7.849878311157227,7.874122619628906,7.850763320922852,7.850124835968018,7.8763227462768555,7.861044883728027,7.850052833557129,7.906030654907227,7.851950645446777,7.860767841339111,7.8950653076171875,7.852985858917236,7.853930473327637,7.873517990112305,7.850956916809082,7.874636173248291,7.881816387176514,7.851789474487305,7.8622307777404785,7.893265247344971,7.859583854675293,7.858794212341309,7.9173383712768555,7.858247756958008,7.8612565994262695,8.012831687927246,7.8509721755981445,7.850007057189941,7.922948360443115,7.851474285125732,7.85020637512207,7.970497131347656,7.870702743530273,7.929804801940918,8.467680931091309
8.083603858947754,7.84885835647583,7.847537994384766,7.848644256591797,7.8478312492370605,7.847586154937744,7.849565029144287,7.848217010498047,7.8476881980896,7.857172012329102,7.847710132598877,7.847715377807617,7.865356922149658,7.84755802154541,7.847503662109375,7.872406959533691,7.848387718200684,7.847750663757324,7.874659061431885,7.858982086181641,7.847676753997803,7.904657363891602,7.849648475646973,7.858697414398193,7.893459796905518,7.850772380828857,7.851869583129883,7.8718461990356445,7.848654270172119,7.872806549072266,7.8801774978637695,7.849474906921387,7.860297203063965,7.891716480255127,7.857504367828369,7.856773376464844,7.916048526763916,7.856105327606201,7.859250068664551,8.012887954711914,7.8486247062683105,7.8476338386535645,7.922054767608643,7.849118709564209,7.8478312492370605,7.970487594604492,7.8689866065979,7.930521488189697,8.472769737243652
8.08304214477539,7.846528053283691,7.845163345336914,7.84628963470459,7.845456123352051,7.845211029052734,7.847269535064697,7.845842361450195,7.845313549041748,7.855187892913818,7.845335960388184,7.845340728759766,7.863504409790039,7.845182418823242,7.845128536224365,7.870607852935791,7.846014499664307,7.845374584197998,7.872889041900635,7.856945037841797,7.845301151275635,7.903259754180908,7.847340106964111,7.85662841796875,7.891934871673584,7.8485517501831055,7.8496994972229,7.870048522949219,7.8463921546936035,7.870917797088623,7.878470420837402,7.847144603729248,7.858291149139404,7.890298843383789,7.855431079864502,7.854633331298828,7.9145731925964355,7.853845119476318,7.857050895690918,8.01261043548584,7.8464674949646,7.845258712768555,7.920856952667236,7.8467535972595215,7.845456123352051,7.969229221343994,7.867188453674316,7.9343366622924805,8.483223915100098
8.082449913024902,7.844210624694824,7.8427886962890625,7.843935966491699,7.843083381652832,7.842835426330566,7.844968318939209,7.8434672355651855,7.842939853668213,7.853144645690918,7.842961311340332,7.842965126037598,7.86160945892334,7.842808246612549,7.8427534103393555,7.868824481964111,7.843639850616455,7.843000411987305,7.871163845062256,7.854841232299805,7.842926025390625,7.901974678039551,7.845033645629883,7.854524612426758,7.890261173248291,7.846336364746094,7.847529888153076,7.868340015411377,7.844077110290527,7.8690361976623535,7.876914978027344,7.844848155975342,7.856283187866211,7.888722896575928,7.853331565856934,7.852591514587402,7.9133477210998535,7.8517022132873535,7.854976177215576,8.012575149536133,7.844132900238037,7.8428850173950195,7.91987943649292,7.844389915466309,7.843085289001465,7.969038009643555,7.865548610687256,7.9350457191467285,8.489521980285645
8.081891059875488,7.841916561126709,7.8404154777526855,7.841599464416504,7.840709686279297,7.840460777282715,7.842675685882568,7.841094493865967,7.840564250946045,7.851132392883301,7.8405866622924805,7.84058952331543,7.859750747680664,7.840431213378906,7.840378284454346,7.867049217224121,7.8412652015686035,7.840625762939453,7.869400978088379,7.852809429168701,7.84055233001709,7.900596618652344,7.842735767364502,7.852430820465088,7.888659954071045,7.844105243682861,7.845353603363037,7.866600513458252,7.841773509979248,7.867205619812012,7.875305652618408,7.842521667480469,7.854301929473877,7.887200832366943,7.85129976272583,7.850536346435547,7.912105083465576,7.849584102630615,7.8529052734375,8.012489318847656,7.841789722442627,7.840511322021484,7.9187750816345215,7.842033386230469,7.84071159362793,7.968674182891846,7.863796710968018,7.935516357421875,8.495040893554688
8.08150863647461,7.839613437652588,7.838040828704834,7.839236736297607,7.83833646774292,7.838085651397705,7.84043025970459,7.838720798492432,7.83819055557251,7.849106788635254,7.838212490081787,7.838215351104736,7.857844352722168,7.838057041168213,7.838002681732178,7.865291118621826,7.838890552520752,7.83825159072876,7.867660045623779,7.8508429527282715,7.838177680969238,7.899176597595215,7.840448379516602,7.8503851890563965,7.88701057434082,7.841856002807617,7.843164443969727,7.864804744720459,7.839447021484375,7.8653693199157715,7.873683452606201,7.840249061584473,7.852332592010498,7.8857245445251465,7.849299430847168,7.848494529724121,7.910803318023682,7.8474626541137695,7.850854873657227,8.012436866760254,7.839442729949951,7.838136672973633,7.917661666870117,7.839667797088623,7.838336944580078,7.968258380889893,7.862009525299072,7.935763835906982,8.499953269958496
8.081242561340332,7.837349891662598,7.835665702819824,7.836877822875977,7.835963249206543,7.835710525512695,7.838171005249023,7.836345195770264,7.8358154296875,7.847110271453857,7.8358378410339355,7.835840702056885,7.856006145477295,7.835681438446045,7.835628032684326,7.863495349884033,7.836515426635742,7.835877418518066,7.865893840789795,7.848814964294434,7.835803031921387,7.897775173187256,7.838160037994385,7.8482866287231445,7.885343551635742,7.839633464813232,7.8409857749938965,7.863037586212158,7.837151050567627,7.863444805145264,7.872069358825684,7.837935447692871,7.850368499755859,7.88417387008667,7.847165584564209,7.846302509307861,7.909512996673584,7.845307350158691,7.848753929138184,8.012340545654297,7.837155342102051,7.835763454437256,7.916552543640137,7.837310314178467,7.835965156555176,7.967641353607178,7.860208511352539,7.935701370239258,8.50472354888916
8.080562591552734,7.835040092468262,7.8332905769348145,7.834535598754883,7.833593845367432,7.833335876464844,7.835909843444824,7.83397102355957,7.833441734313965,7.84505558013916,7.833463191986084,7.833465576171875,7.854176998138428,7.833307266235352,7.833253860473633,7.861802577972412,7.834143161773682,7.833507061004639,7.864221096038818,7.846782684326172,7.833428382873535,7.896407604217529,7.835882186889648,7.8462748527526855,7.883627414703369,7.837367057800293,7.838840484619141,7.861156463623047,7.834835052490234,7.861518859863281,7.870433330535889,7.83563756942749,7.848442554473877,7.882669448852539,7.845102787017822,7.844141960144043,7.908156394958496,7.84320068359375,7.846696376800537,8.012175559997559,7.834844589233398,7.8333892822265625,7.915369987487793,7.8349456787109375,7.833590507507324,7.967026233673096,7.8583526611328125,7.935490131378174,8.508974075317383
8.080022811889648,7.83275842666626,7.830915451049805,7.8321757316589355,7.831221103668213,7.830961227416992,7.833661079406738,7.831597805023193,7.831067085266113,7.8430023193359375,7.831088066101074,7.831090450286865,7.85232400894165,7.8309326171875,7.830878734588623,7.860140800476074,7.831770420074463,7.8311333656311035,7.8624444007873535,7.844749450683594,7.831053256988525,7.895076274871826,7.8335652351379395,7.844186305999756,7.882132053375244,7.835113048553467,7.8367180824279785,7.859395980834961,7.8325910568237305,7.859620571136475,7.868696212768555,7.833366870880127,7.846502780914307,7.881222248077393,7.84306001663208,7.841986179351807,7.906915664672852,7.841014862060547,7.844547271728516,8.012016296386719,7.832530498504639,7.8310160636901855,7.914149284362793,7.832584857940674,7.831219673156738,7.966381549835205,7.856504917144775,7.935436248779297,8.51292610168457
8.079859733581543,7.830458641052246,7.828540802001953,7.8298211097717285,7.828847885131836,7.828586578369141,7.831364154815674,7.829222679138184,7.828691482543945,7.840978145599365,7.828713893890381,7.8287153244018555,7.850439071655273,7.828558921813965,7.828503608703613,7.858379364013672,7.829395771026611,7.828758239746094,7.8607378005981445,7.8427734375,7.828678131103516,7.893630027770996,7.831227779388428,7.842060565948486,7.880521297454834,7.832855701446533,7.834547519683838,7.857605934143066,7.830300331115723,7.857673168182373,7.867067813873291,7.831058502197266,7.844460487365723,7.879769325256348,7.841030597686768,7.839892864227295,7.905611991882324,7.838774681091309,7.8423991203308105,8.011813163757324,7.830203533172607,7.828641414642334,7.912990093231201,7.830224514007568,7.8288445472717285,7.965732097625732,7.854679107666016,7.935205459594727,8.516961097717285
8.07958698272705,7.8281450271606445,7.826165676116943,7.827474117279053,7.826475620269775,7.826211452484131,7.829071044921875,7.826847076416016,7.826316833496094,7.8389177322387695,7.826339244842529,7.826340675354004,7.848505973815918,7.826183795928955,7.82612943649292,7.856683731079102,7.827020168304443,7.826386451721191,7.859001636505127,7.840721130371094,7.826303005218506,7.892253398895264,7.828932762145996,7.83997917175293,7.878968238830566,7.8306732177734375,7.832340240478516,7.855807304382324,7.828044891357422,7.855870246887207,7.865400791168213,7.828742980957031,7.842502593994141,7.87825870513916,7.838934421539307,7.837745189666748,7.904280185699463,7.836557388305664,7.840278148651123,8.01165771484375,7.827908515930176,7.826267719268799,7.91188383102417,7.827861309051514,7.826471328735352,7.965202331542969,7.85277795791626,7.934811592102051,8.521636009216309
8.07905101776123,7.825860023498535,7.823791980743408,7.825128078460693,7.824100971221924,7.823836803436279,7.826769828796387,7.824474811553955,7.823941707611084,7.8368730545043945,7.823963642120361,7.823966026306152,7.846603870391846,7.823808670043945,7.823754787445068,7.854940891265869,7.824648380279541,7.824011325836182,7.857266426086426,7.83876895904541,7.823927879333496,7.890864372253418,7.826615810394287,7.837891578674316,7.877482891082764,7.828477382659912,7.8301591873168945,7.854065895080566,7.825808048248291,7.854106426239014,7.863727569580078,7.826460838317871,7.840599060058594,7.876766681671143,7.8368988037109375,7.835639476776123,7.903010845184326,7.834385395050049,7.838181972503662,8.011551856994629,7.825605392456055,7.823892593383789,7.910811901092529,7.825508117675781,7.824100017547607,7.964737892150879,7.850898265838623,7.934372901916504,8.525786399841309
8.078506469726562,7.8235697746276855,7.821418762207031,7.822789192199707,7.8217339515686035,7.821462154388428,7.8244781494140625,7.822099685668945,7.821566104888916,7.834907054901123,7.821589469909668,7.821591854095459,7.84476900100708,7.821432113647461,7.821379661560059,7.853187561035156,7.822272777557373,7.82163667678833,7.85545539855957,7.83681583404541,7.821552753448486,7.889531135559082,7.824288368225098,7.835859298706055,7.875967502593994,7.826319694519043,7.827960968017578,7.852356910705566,7.82366418838501,7.852415561676025,7.862016677856445,7.8241353034973145,7.83864688873291,7.875285625457764,7.834707736968994,7.833468437194824,7.901613235473633,7.8321309089660645,7.836093425750732,8.011545181274414,7.823322772979736,7.821517467498779,7.9098615646362305,7.8231425285339355,7.821727275848389,7.963966369628906,7.848987102508545,7.93367862701416,8.53065299987793
8.077725410461426,7.821249485015869,7.8190436363220215,7.820430278778076,7.819359302520752,7.819087028503418,7.822206020355225,7.819725513458252,7.819190502166748,7.832814693450928,7.819214820861816,7.819217205047607,7.842936038970947,7.819059371948242,7.819004535675049,7.851405143737793,7.819899559020996,7.819262504577637,7.853699684143066,7.834900856018066,7.819178104400635,7.888280391693115,7.822014331817627,7.833734035491943,7.874383449554443,7.824078559875488,7.8257904052734375,7.850506782531738,7.821431636810303,7.850558757781982,7.860324382781982,7.821820259094238,7.836684703826904,7.873719692230225,7.832541465759277,7.831360340118408,7.900320053100586,7.829982280731201,7.834008693695068,8.011533737182617,7.820976734161377,7.819143295288086,7.908782958984375,7.8207807540893555,7.819354057312012,7.963405132293701,7.847079753875732,7.933205604553223,8.534660339355469
8.07722282409668,7.818962574005127,7.81666898727417,7.818078517913818,7.816986560821533,7.816712379455566,7.8199567794799805,7.817351818084717,7.8168158531188965,7.830871105194092,7.816840648651123,7.816842555999756,7.8410468101501465,7.816686153411865,7.816629409790039,7.849663257598877,7.8175249099731445,7.8168864250183105,7.852017402648926,7.832900047302246,7.816803932189941,7.886873245239258,7.819734573364258,7.831709861755371,7.872842311859131,7.821887016296387,7.8235697746276855,7.8487772941589355,7.81917667388916,7.848776340484619,7.858611583709717,7.819509983062744,7.834699630737305,7.872177600860596,7.830406188964844,7.829203128814697,7.89895486831665,7.827828407287598,7.8318376541137695,8.011387825012207,7.818644046783447,7.816768646240234,7.907521724700928,7.818410396575928,7.816979885101318,7.962606430053711,7.84520959854126,7.932593822479248,8.538409233093262
8.076690673828125,7.816681861877441,7.814294338226318,7.815742492675781,7.81461763381958,7.814337730407715,7.817676067352295,7.814978122711182,7.814440727233887,7.828788757324219,7.81446647644043,7.814466953277588,7.83921480178833,7.814309597015381,7.8142547607421875,7.847916126251221,7.815152168273926,7.814515113830566,7.850378036499023,7.830922603607178,7.814429759979248,7.885460376739502,7.817442893981934,7.829662799835205,7.87130069732666,7.8196282386779785,7.821410655975342,7.847069263458252,7.8169474601745605,7.846980571746826,7.8570451736450195,7.81718111038208,7.832696914672852,7.870597839355469,7.828320503234863,7.827125549316406,7.897608280181885,7.825738906860352,7.829718112945557,8.011287689208984,7.816334247589111,7.814395427703857,7.906347751617432,7.816041469573975,7.814612865447998,7.961991310119629,7.843352317810059,7.931875705718994,8.541751861572266
8.07597827911377,7.814365386962891,7.811918258666992,7.813392162322998,7.812241077423096,7.81196403503418,7.815399646759033,7.812603950500488,7.812065601348877,7.8267903327941895,7.812091827392578,7.81209135055542,7.837306499481201,7.811935901641846,7.811880111694336,7.846124649047852,7.812778472900391,7.812140464782715,7.8486433029174805,7.828884124755859,7.812054634094238,7.884024143218994,7.8151445388793945,7.82753324508667,7.86966609954834,7.817373275756836,7.819180011749268,7.845304489135742,7.814676284790039,7.845119476318359,7.855401039123535,7.814863204956055,7.830747127532959,7.869121551513672,7.826241970062256,7.825084209442139,7.896390438079834,7.823670387268066,7.827618598937988,8.011120796203613,7.814009189605713,7.812021255493164,7.905230522155762,7.813676834106445,7.81224250793457,7.961432933807373,7.841508865356445,7.93090295791626,8.545228004455566
8.075443267822266,7.812087535858154,7.809543132781982,7.811057090759277,7.809868812561035,7.809589385986328,7.813127517700195,7.8102335929870605,7.809690952301025,7.824790000915527,7.809717178344727,7.809717178344727,7.835460662841797,7.809561252593994,7.809505462646484,7.844324111938477,7.810405254364014,7.80976676940918,7.846841335296631,7.826900005340576,7.809680461883545,7.88261604309082,7.812835216522217,7.825417995452881,7.868050575256348,7.815160751342773,7.816972732543945,7.843598365783691,7.812387466430664,7.8433332443237305,7.853817939758301,7.812551498413086,7.828829765319824,7.867630958557129,7.824146270751953,7.822997570037842,7.895112037658691,7.821629047393799,7.825554847717285,8.010847091674805,7.811684608459473,7.809647083282471,7.904023170471191,7.811313152313232,7.809869766235352,7.960855960845947,7.839614391326904,7.929964542388916,8.548688888549805
8.074666023254395,7.807478427886963,7.804780960083008,7.806333541870117,7.805107593536377,7.80482816696167,7.808589458465576,7.805476188659668,7.804929256439209,7.820802211761475,7.80495548248291,7.804955005645752,7.831785678863525,7.804802417755127,7.804744243621826,7.8408308029174805,7.805647373199463,7.805012226104736,7.8434576988220215,7.823014736175537,7.80491828918457,7.879816055297852,7.80822229385376,7.821376323699951,7.864806652069092,7.810713768005371,7.812664985656738,7.8399977684021,7.807923793792725,7.839747905731201,7.850403785705566,7.807910919189453,7.82465124130249,7.8646392822265625,7.8198113441467285,7.818526268005371,7.892253398895264,7.8173909187316895,7.821178913116455,8.00999641418457,7.80694580078125,7.804884433746338,7.901299476623535,7.806560039520264,7.805108070373535,7.959738731384277,7.8357720375061035,7.928291320800781,8.560541152954102
8.07423210144043,7.805187702178955,7.8024067878723145,7.803973197937012,7.802734851837158,7.802453517913818,7.806321620941162,7.803107738494873,7.802554130554199,7.818804740905762,7.802580833435059,7.8025803565979,7.829935073852539,7.802427291870117,7.802369594573975,7.838979721069336,7.803272724151611,7.802639007568359,7.841794013977051,7.820960998535156,7.8025431632995605,7.878422737121582,7.8059000968933105,7.819337368011475,7.863246917724609,7.808531761169434,7.810486316680908,7.838258743286133,7.805721759796143,7.837887763977051,7.848762035369873,7.8055806159973145,7.822631359100342,7.863158226013184,7.8177080154418945,7.816374778747559,7.89089822769165,7.815240383148193,7.819013595581055,8.009719848632812,7.804580211639404,7.8025102615356445,7.899957180023193,7.804189682006836,7.802733898162842,7.95923376083374,7.833882808685303,7.927108287811279,8.565328598022461
8.07259464263916,7.798274040222168,7.795258522033691,7.796886920928955,7.795591354370117,7.795304775238037,7.799454689025879,7.795962810516357,7.795406341552734,7.812750339508057,7.795432090759277,7.795431137084961,7.824556350708008,7.79528284072876,7.795220851898193,7.833825588226318,7.796130657196045,7.7955002784729,7.836627006530762,7.814901828765869,7.795393466949463,7.8742852210998535,7.799100875854492,7.812991619110107,7.85857629776001,7.801891803741455,7.804134368896484,7.832826614379883,7.799136161804199,7.832580089569092,7.8436455726623535,7.798672199249268,7.81668758392334,7.858432769775391,7.811188697814941,7.809948444366455,7.886695384979248,7.808578014373779,7.812512397766113,8.009259223937988,7.797553539276123,7.7953619956970215,7.8961992263793945,7.797060489654541,7.7955851554870605,7.95689058303833,7.827882289886475,7.923333644866943,8.579061508178711
8.071791648864746,7.795993804931641,7.7928853034973145,7.794565677642822,7.793222904205322,7.7929301261901855,7.7972283363342285,7.793587684631348,7.793030738830566,7.810695171356201,7.7930588722229,7.793057441711426,7.822749614715576,7.792910099029541,7.792846202850342,7.832127094268799,7.793758392333984,7.793126583099365,7.834802627563477,7.812891006469727,7.7930192947387695,7.872894763946533,7.796813011169434,7.810946464538574,7.8569841384887695,7.799688339233398,7.801973819732666,7.8311076164245605,7.796900749206543,7.830812931060791,7.841992378234863,7.796410083770752,7.8147292137146,7.8568291664123535,7.809116363525391,7.807850360870361,7.885348796844482,7.8064374923706055,7.810359477996826,8.009063720703125,7.795225620269775,7.79298734664917,7.894964694976807,7.7946906089782715,7.793210506439209,7.9561848640441895,7.825967788696289,7.9221415519714355,8.582902908325195
8.069479942321777,7.786925792694092,7.7833476066589355,7.785248756408691,7.783729076385498,7.783393859863281,7.788229465484619,7.784060478210449,7.7834954261779785,7.802740573883057,7.7835235595703125,7.783520698547363,7.815324306488037,7.783376693725586,7.783310413360596,7.825253963470459,7.784247398376465,7.783594608306885,7.827975749969482,7.804947376251221,7.783483982086182,7.867279529571533,7.787761688232422,7.802857398986816,7.851077556610107,7.790940284729004,7.793519020080566,7.823952674865723,7.787898063659668,7.8240251541137695,7.8350019454956055,7.787294387817383,7.80691385269165,7.850729465484619,7.8003644943237305,7.7992753982543945,7.879642009735107,7.797243118286133,7.801825523376465,8.008833885192871,7.785990238189697,7.783450126647949,7.889315128326416,7.785175323486328,7.783675193786621,7.95167350769043,7.817662239074707,7.9167256355285645,8.598877906799316
8.068120002746582,7.782387733459473,7.778585433959961,7.78055477142334,7.7789788246154785,7.778633117675781,7.783695697784424,7.779305458068848,7.778733730316162,7.798768520355225,7.778761863708496,7.778759956359863,7.811534881591797,7.778617858886719,7.778548717498779,7.8216986656188965,7.779496192932129,7.778832912445068,7.824551582336426,7.8008880615234375,7.778723239898682,7.86448335647583,7.78317928314209,7.798741817474365,7.847961902618408,7.786546230316162,7.789282321929932,7.820221424102783,7.7833991050720215,7.820413112640381,7.83158016204834,7.78271484375,7.802892684936523,7.847569465637207,7.796158790588379,7.795194149017334,7.877041816711426,7.79279899597168,7.797877788543701,8.008688926696777,7.781370162963867,7.778688430786133,7.8865461349487305,7.780419826507568,7.7789130210876465,7.949822902679443,7.813689231872559,7.913591384887695,8.6053466796875
8.056678771972656,7.736252784729004,7.7316718101501465,7.7340312004089355,7.732237815856934,7.731748104095459,7.737861156463623,7.732607841491699,7.731786251068115,7.754829406738281,7.731836318969727,7.7318315505981445,7.769852638244629,7.731666564941406,7.731617450714111,7.78158712387085,7.7328033447265625,7.7318949699401855,7.784529685974121,7.757699966430664,7.731861591339111,7.832976341247559,7.737396717071533,7.754917144775391,7.8113789558410645,7.740822792053223,7.744406700134277,7.779273986816406,7.737721920013428,7.7791619300842285,7.792420387268066,7.736586570739746,7.760155200958252,7.81117582321167,7.751997947692871,7.750994682312012,7.847443580627441,7.7493133544921875,7.753912925720215,8.007462501525879,7.736635684967041,7.732020378112793,7.856435298919678,7.733834266662598,7.7321457862854,7.926523208618164,7.772154808044434,7.865358352661133,8.59572696685791
8.055927276611328,7.733981132507324,7.729298114776611,7.731678009033203,7.729867935180664,7.729374885559082,7.735618591308594,7.7302398681640625,7.729412078857422,7.752847194671631,7.729462623596191,7.729456901550293,7.768033981323242,7.729296684265137,7.729243278503418,7.779881000518799,7.73043155670166,7.729523181915283,7.782785892486572,7.755722999572754,7.729487419128418,7.8315253257751465,7.735114097595215,7.752833366394043,7.809804916381836,7.738605499267578,7.742306709289551,7.7775092124938965,7.735526084899902,7.777387619018555,7.7907843589782715,7.734317302703857,7.758146286010742,7.809606075286865,7.749992847442627,7.748946666717529,7.846070766448975,7.747332572937012,7.75200080871582,8.007264137268066,7.734542369842529,7.729650974273682,7.855084419250488,7.731482982635498,7.729820251464844,7.925300121307373,7.770410060882568,7.863350868225098,8.595054626464844
8.05544662475586,7.731738090515137,7.726923942565918,7.729369640350342,7.727515697479248,7.727000713348389,7.7333879470825195,7.727874755859375,7.727036952972412,7.750800609588623,7.727089881896973,7.727083206176758,7.766138076782227,7.726927280426025,7.726869106292725,7.778196811676025,7.728062629699707,7.727163314819336,7.781081676483154,7.753736972808838,7.727113723754883,7.830010890960693,7.732852458953857,7.750789165496826,7.808157444000244,7.736405849456787,7.740167140960693,7.775806903839111,7.7333526611328125,7.775644302368164,7.789065837860107,7.7320780754089355,7.756096363067627,7.807981491088867,7.747999668121338,7.746807098388672,7.844717979431152,7.745392799377441,7.750046730041504,8.006939888000488,7.732349395751953,7.727294921875,7.853630542755127,7.729121208190918,7.727463245391846,7.923964500427246,7.768585205078125,7.861445903778076,8.594440460205078
8.055009841918945,7.72947359085083,7.724549770355225,7.727053165435791,7.725154399871826,7.724626064300537,7.731129169464111,7.725518703460693,7.7246623039245605,7.748857021331787,7.724715232849121,7.7247090339660645,7.764318466186523,7.724555015563965,7.724495887756348,7.77642297744751,7.725691795349121,7.724811553955078,7.77937126159668,7.751739025115967,7.724740505218506,7.828579425811768,7.730658054351807,7.748710632324219,7.806528091430664,7.7342424392700195,7.7379889488220215,7.774046897888184,7.731130123138428,7.773746490478516,7.787431716918945,7.729794979095459,7.75401496887207,7.806467056274414,7.745984077453613,7.744682312011719,7.843497276306152,7.743370056152344,7.748147964477539,8.00646686553955,7.730181694030762,7.72493314743042,7.8521552085876465,7.726756572723389,7.725124359130859,7.92242956161499,7.766805171966553,7.859612941741943,8.593694686889648
8.054128646850586,7.727206707000732,7.7221760749816895,7.724747657775879,7.722802639007568,7.722251892089844,7.728931903839111,7.723150253295898,7.722290515899658,7.7468461990356445,7.722340106964111,7.722334861755371,7.762409210205078,7.722182273864746,7.7221221923828125,7.774648666381836,7.723334312438965,7.722446441650391,7.777592658996582,7.749757766723633,7.722368240356445,7.827101230621338,7.728377819061279,7.746662139892578,7.804879188537598,7.7320709228515625,7.735883712768555,7.772288799285889,7.728998184204102,7.771937370300293,7.785817623138428,7.727606773376465,7.752068519592285,7.804895877838135,7.7439351081848145,7.742580413818359,7.842135429382324,7.741292953491211,7.746081352233887,8.006158828735352,7.728104114532471,7.722560882568359,7.850762367248535,7.7244086265563965,7.72279167175293,7.921151161193848,7.765036582946777,7.8577399253845215,8.592756271362305
8.052793502807617,7.72263240814209,7.717414379119873,7.7200751304626465,7.718057155609131,7.7174906730651855,7.7244791984558105,7.718417644500732,7.717530250549316,7.743099212646484,7.717581748962402,7.717574119567871,7.7587432861328125,7.7174248695373535,7.717360973358154,7.771276950836182,7.7186055183410645,7.71771240234375,7.7741618156433105,7.745945453643799,7.717606067657471,7.824294090270996,7.7239203453063965,7.742456912994385,7.801365852355957,7.727799892425537,7.731564998626709,7.76860237121582,7.724522590637207,7.768157958984375,7.782407283782959,7.723034381866455,7.747794151306152,7.801846981048584,7.739893913269043,7.738217830657959,7.839375019073486,7.737301826477051,7.7420973777771,8.005091667175293,7.72406530380249,7.717801094055176,7.847935199737549,7.719672203063965,7.7180986404418945,7.918463230133057,7.761374473571777,7.853634357452393,8.591140747070312
8.05218505859375,7.720395088195801,7.715039253234863,7.717782974243164,7.715695858001709,7.71511697769165,7.722305774688721,7.716050148010254,7.715156078338623,7.741223335266113,7.715209007263184,7.715200901031494,7.756972789764404,7.715051174163818,7.714986801147461,7.769566535949707,7.716250896453857,7.715346336364746,7.772435188293457,7.74404239654541,7.715230941772461,7.822924613952637,7.721686363220215,7.740428447723389,7.799715042114258,7.725574493408203,7.7294158935546875,7.766798973083496,7.722320556640625,7.7663893699646,7.78070592880249,7.720797538757324,7.7456583976745605,7.800164222717285,7.737847328186035,7.736053466796875,7.8378729820251465,7.7351908683776855,7.740028381347656,8.004509925842285,7.721917152404785,7.715427398681641,7.846433162689209,7.717302322387695,7.715768337249756,7.916891098022461,7.759531497955322,7.851783275604248,8.590312957763672
8.051400184631348,7.718114852905273,7.712664604187012,7.71549654006958,7.713325500488281,7.712743282318115,7.720059871673584,7.713685512542725,7.712782382965088,7.739288806915283,7.712834358215332,7.712827205657959,7.755207538604736,7.712677478790283,7.712612152099609,7.767807960510254,7.713886260986328,7.71298360824585,7.770663738250732,7.742154121398926,7.712855339050293,7.821451187133789,7.719411849975586,7.738331317901611,7.798091411590576,7.723410606384277,7.727284908294678,7.765113830566406,7.720096111297607,7.764591693878174,7.779093265533447,7.718544960021973,7.7436418533325195,7.79863977432251,7.7358012199401855,7.7338948249816895,7.836545467376709,7.733180522918701,7.738038063049316,8.004060745239258,7.719770908355713,7.713054180145264,7.844971656799316,7.714943885803223,7.71345329284668,7.915448188781738,7.7577900886535645,7.849863052368164,8.589296340942383
8.032946586608887,7.660917282104492,7.654449462890625,7.658138751983643,7.6553449630737305,7.654533863067627,7.663210391998291,7.6558332443237305,7.654598236083984,7.684742450714111,7.654668807983398,7.654562473297119,7.703075885772705,7.654551982879639,7.65440034866333,7.717459678649902,7.656118392944336,7.654975891113281,7.720277786254883,7.689191818237305,7.654714107513428,7.782426357269287,7.662328720092773,7.683161735534668,7.750498294830322,7.6667962074279785,7.670723915100098,7.714266300201416,7.663125991821289,7.712343692779541,7.729890823364258,7.661254405975342,7.687453269958496,7.751708507537842,7.680555820465088,7.6768927574157715,7.795962333679199,7.6764678955078125,7.680363655090332,7.990452766418457,7.66196346282959,7.654898643493652,7.814175605773926,7.657099723815918,7.6557159423828125,7.886207103729248,7.706939220428467,7.791538238525391,8.569350242614746
8.031777381896973,7.658731937408447,7.652075290679932,7.655845642089844,7.653016090393066,7.65216064453125,7.661012172698975,7.653466701507568,7.652225971221924,7.682812690734863,7.652295112609863,7.652188777923584,7.7012224197387695,7.652193546295166,7.652026176452637,7.715780735015869,7.653757572174072,7.65261173248291,7.718567848205566,7.687325954437256,7.65233850479126,7.781020641326904,7.6601128578186035,7.681143283843994,7.748899936676025,7.664566516876221,7.668601989746094,7.712451934814453,7.660836696624756,7.710456848144531,7.7282023429870605,7.659021854400635,7.6853485107421875,7.750115871429443,7.678532600402832,7.674792289733887,7.794625759124756,7.674278259277344,7.678253650665283,7.989788055419922,7.659745216369629,7.652525424957275,7.8130574226379395,7.6547322273254395,7.653369903564453,7.884986400604248,7.70538330078125,7.789620399475098,8.568434715270996
8.028837203979492,7.65213680267334,7.644927024841309,7.648998260498047,7.64592981338501,7.645013332366943,7.654497146606445,7.646355152130127,7.645081520080566,7.6770100593566895,7.64514684677124,7.645042419433594,7.695770740509033,7.645063877105713,7.644879341125488,7.71058988571167,7.646694183349609,7.64553165435791,7.713354587554932,7.681643486022949,7.645193099975586,7.776675701141357,7.653306484222412,7.675022602081299,7.743847370147705,7.657873153686523,7.662416934967041,7.707154750823975,7.6541008949279785,7.704784870147705,7.723134994506836,7.652410507202148,7.679147720336914,7.745441436767578,7.672417640686035,7.668494701385498,7.7902984619140625,7.6675591468811035,7.671756267547607,7.987654685974121,7.653077125549316,7.645386219024658,7.809758186340332,7.647614479064941,7.646301746368408,7.881347179412842,7.700715065002441,7.7840070724487305,8.565396308898926
8.000137329101562,7.588778018951416,7.580076694488525,7.585008144378662,7.581284046173096,7.58019495010376,7.591306686401367,7.5820088386535645,7.580239295959473,7.615775108337402,7.580303192138672,7.580239772796631,7.63701868057251,7.580460071563721,7.579988479614258,7.654253005981445,7.582454204559326,7.580873966217041,7.656616687774658,7.621762275695801,7.580357551574707,7.729597091674805,7.589706897735596,7.613505840301514,7.690968990325928,7.594437599182129,7.600382328033447,7.649903297424316,7.5907063484191895,7.646203994750977,7.667068004608154,7.58936071395874,7.617462635040283,7.6917500495910645,7.609862804412842,7.605020999908447,7.743269443511963,7.603524208068848,7.608116626739502,7.964778900146484,7.589699745178223,7.580621719360352,7.779804706573486,7.583228588104248,7.58255672454834,7.848348140716553,7.6444268226623535,7.73687744140625,8.588751792907715
7.997840404510498,7.5844292640686035,7.575316429138184,7.580501556396484,7.576596736907959,7.575435161590576,7.587066173553467,7.5773444175720215,7.575479507446289,7.611988544464111,7.57554292678833,7.575480937957764,7.633360862731934,7.575706958770752,7.575228214263916,7.650800704956055,7.577779769897461,7.576142311096191,7.653191566467285,7.617839813232422,7.575597286224365,7.726712226867676,7.5853962898254395,7.609352111816406,7.687735557556152,7.590135097503662,7.596249580383301,7.6464152336120605,7.586416721343994,7.642577648162842,7.663740634918213,7.585018634796143,7.6134562492370605,7.688661575317383,7.606029987335205,7.6008734703063965,7.740449905395508,7.599298000335693,7.604488372802734,7.963347911834717,7.585129261016846,7.575882434844971,7.777627468109131,7.578534126281738,7.578162670135498,7.845963001251221,7.641305923461914,7.733358383178711,8.588042259216309
7.996994495391846,7.582254886627197,7.572943687438965,7.5782294273376465,7.574258327484131,7.573063373565674,7.584925651550293,7.575008869171143,7.573111057281494,7.6101603507995605,7.573171138763428,7.573107719421387,7.631501197814941,7.57334041595459,7.572854995727539,7.649105072021484,7.575453758239746,7.5737786293029785,7.651535511016846,7.615987300872803,7.573225975036621,7.725208282470703,7.583343982696533,7.607361793518066,7.686053276062012,7.588010311126709,7.594209671020508,7.644613742828369,7.584235191345215,7.640748977661133,7.6620192527771,7.582851886749268,7.61142110824585,7.687076568603516,7.604122161865234,7.598784446716309,7.739007949829102,7.597207546234131,7.602572917938232,7.962547302246094,7.582864761352539,7.5735297203063965,7.776521682739258,7.576203346252441,7.576028823852539,7.844878196716309,7.639736175537109,7.731637001037598,8.58761978149414
7.994838237762451,7.577974796295166,7.568187713623047,7.573703765869141,7.56956148147583,7.568304061889648,7.580676555633545,7.570338249206543,7.568350791931152,7.6064581871032715,7.568410873413086,7.568347454071045,7.627915859222412,7.568586349487305,7.5680952072143555,7.645665645599365,7.570818901062012,7.56903600692749,7.6480913162231445,7.612188339233398,7.568467140197754,7.722216606140137,7.578974723815918,7.603349685668945,7.68278694152832,7.583723068237305,7.590152263641357,7.641063690185547,7.579893112182617,7.636983871459961,7.658665657043457,7.578505516052246,7.60728645324707,7.683869361877441,7.600087642669678,7.5944600105285645,7.736154556274414,7.593059539794922,7.598760604858398,7.960949420928955,7.5782318115234375,7.568811416625977,7.77436637878418,7.571516036987305,7.571822166442871,7.842922210693359,7.636648178100586,7.72815465927124,8.58740234375
7.9922285079956055,7.573688507080078,7.563430309295654,7.569179058074951,7.564891815185547,7.563544750213623,7.576464653015137,7.565672874450684,7.563592433929443,7.602658748626709,7.563652038574219,7.563587665557861,7.624359607696533,7.563844203948975,7.56333589553833,7.642222881317139,7.566147327423096,7.564301490783691,7.644711017608643,7.608435153961182,7.5637102127075195,7.719236850738525,7.574602127075195,7.599364757537842,7.679500102996826,7.5794901847839355,7.586142063140869,7.637515068054199,7.575686454772949,7.633397579193115,7.655336380004883,7.574212074279785,7.603404521942139,7.680662155151367,7.59615421295166,7.590174198150635,7.733273506164551,7.5888471603393555,7.594851970672607,7.959413528442383,7.573616981506348,7.564083576202393,7.772188186645508,7.566842079162598,7.567689895629883,7.840698719024658,7.633578777313232,7.724506378173828,8.5871000289917
7.988998889923096,7.567225456237793,7.556283473968506,7.562371730804443,7.557864665985107,7.556397914886475,7.570139408111572,7.558653354644775,7.556448936462402,7.596897602081299,7.556504726409912,7.556440353393555,7.618916988372803,7.556698799133301,7.55618953704834,7.637199401855469,7.559117317199707,7.557242393493652,7.639618396759033,7.602771282196045,7.5565667152404785,7.7148518562316895,7.568081378936768,7.593451023101807,7.674795627593994,7.573121547698975,7.5799736976623535,7.632167816162109,7.569248676300049,7.627856254577637,7.650424003601074,7.567770004272461,7.597400665283203,7.675981044769287,7.590100288391113,7.583767414093018,7.72896146774292,7.58262825012207,7.589117527008057,7.957180023193359,7.566723823547363,7.556966781616211,7.768957614898682,7.559825420379639,7.561415672302246,7.837526321411133,7.629026889801025,7.719211101531982,8.58632755279541
7.987832546234131,7.565081596374512,7.553910732269287,7.56011962890625,7.55554723739624,7.554025650024414,7.5680413246154785,7.556342124938965,7.554076194763184,7.594967842102051,7.55413293838501,7.5540690422058105,7.617087364196777,7.554335117340088,7.553816795349121,7.635444641113281,7.556821346282959,7.554881572723389,7.637963771820068,7.600910663604736,7.554195404052734,7.713313579559326,7.565877437591553,7.591522693634033,7.673177719116211,7.570980072021484,7.578009605407715,7.6303205490112305,7.567076206207275,7.626033782958984,7.6487298011779785,7.5656867027282715,7.595463275909424,7.674363613128662,7.58817720413208,7.581645965576172,7.727487564086914,7.580533027648926,7.587208271026611,7.9563093185424805,7.564382076263428,7.5546135902404785,7.7678680419921875,7.557473182678223,7.559301376342773,7.836309432983398,7.6274919509887695,7.717498779296875,8.586090087890625
7.986774921417236,7.562951564788818,7.551538467407227,7.55789852142334,7.553224563598633,7.5516533851623535,7.565877914428711,7.554018497467041,7.5517072677612305,7.59304141998291,7.551761150360107,7.551696300506592,7.615270137786865,7.551966667175293,7.551444053649902,7.633716106414795,7.554514408111572,7.5525288581848145,7.636221885681152,7.599025249481201,7.551825046539307,7.711845397949219,7.563747882843018,7.5895867347717285,7.671514987945557,7.568861961364746,7.5760698318481445,7.628538608551025,7.564942359924316,7.624157428741455,7.647076606750488,7.5635809898376465,7.593547344207764,7.672840595245361,7.58624792098999,7.579622268676758,7.726064205169678,7.57842493057251,7.585273742675781,7.955435752868652,7.562081336975098,7.552249431610107,7.76680326461792,7.555139541625977,7.557204723358154,7.835125923156738,7.625962734222412,7.715818405151367,8.585906028747559
7.952445983886719,7.495907783508301,7.48249626159668,7.490346908569336,7.4847307205200195,7.482658386230469,7.499305248260498,7.485802173614502,7.482677936553955,7.528746604919434,7.482733726501465,7.482708930969238,7.552453517913818,7.4833173751831055,7.482390880584717,7.574153900146484,7.4864726066589355,7.483957290649414,7.576259136199951,7.535774230957031,7.482975006103516,7.661401271820068,7.497074604034424,7.524998188018799,7.613702774047852,7.501490592956543,7.510033130645752,7.566588878631592,7.497575759887695,7.561355113983154,7.586291313171387,7.496364593505859,7.526703357696533,7.615602970123291,7.51938533782959,7.511505603790283,7.675366401672363,7.510425090789795,7.518487930297852,7.925533771514893,7.493138790130615,7.483296871185303,7.730736255645752,7.486904144287109,7.491786479949951,7.794540882110596,7.566718578338623,7.653433799743652,8.569746971130371
7.946475982666016,7.485589981079102,7.470579147338867,7.479461669921875,7.47306489944458,7.470741271972656,7.48900842666626,7.474496364593506,7.470776557922363,7.519360065460205,7.470813751220703,7.47080135345459,7.543436527252197,7.471594333648682,7.47047233581543,7.5656232833862305,7.475183010101318,7.472364902496338,7.567870140075684,7.5267415046691895,7.4710774421691895,7.654105186462402,7.486515998840332,7.515425682067871,7.6056809425354,7.490929126739502,7.4999680519104,7.557943344116211,7.487272262573242,7.552688121795654,7.577929496765137,7.485900402069092,7.516963005065918,7.607901573181152,7.5094804763793945,7.500938892364502,7.668070316314697,7.498977184295654,7.508537292480469,7.921282768249512,7.481234073638916,7.471480846405029,7.725163459777832,7.475464820861816,7.482635021209717,7.788939476013184,7.559112548828125,7.645009994506836,8.565597534179688
7.9441399574279785,7.481404781341553,7.465820789337158,7.475189208984375,7.468419075012207,7.465986728668213,7.484931468963623,7.46999979019165,7.466028213500977,7.515691757202148,7.4660539627075195,7.466042518615723,7.539820194244385,7.466922283172607,7.4657135009765625,7.562241554260254,7.470638751983643,7.4677042961120605,7.564526081085205,7.523144721984863,7.466322898864746,7.651236057281494,7.482388019561768,7.51144552230835,7.602350234985352,7.486772060394287,7.495940208435059,7.5544586181640625,7.483240604400635,7.549106597900391,7.5746355056762695,7.48162317276001,7.513020992279053,7.604778289794922,7.505533695220947,7.496682643890381,7.665219783782959,7.49445915222168,7.504575252532959,7.919339656829834,7.476479530334473,7.466770172119141,7.722901344299316,7.470912456512451,7.479043483734131,7.786600112915039,7.556209564208984,7.641676425933838,8.563989639282227
7.938986778259277,7.471080303192139,7.453910827636719,7.464230060577393,7.45700216293335,7.4540696144104,7.474629878997803,7.458775043487549,7.45414400100708,7.506361484527588,7.454137325286865,7.454132080078125,7.530848503112793,7.455247402191162,7.453794002532959,7.553732872009277,7.459409236907959,7.45616340637207,7.556169509887695,7.5140790939331055,7.454439640045166,7.643836975097656,7.471884727478027,7.5018415451049805,7.594051837921143,7.476315021514893,7.485868453979492,7.5455851554870605,7.473016738891602,7.5401997566223145,7.566368579864502,7.471109390258789,7.503307342529297,7.596909523010254,7.4955878257751465,7.4861931800842285,7.657917499542236,7.4832282066345215,7.494425296783447,7.915119647979736,7.464606761932373,7.455043315887451,7.717651844024658,7.459591388702393,7.470382213592529,7.78106689453125,7.548673152923584,7.6332597732543945,8.561227798461914
7.936460971832275,7.466944694519043,7.449153423309326,7.459825038909912,7.452476501464844,7.449312686920166,7.470503807067871,7.454274654388428,7.449396133422852,7.502647399902344,7.4493794441223145,7.449372291564941,7.527268409729004,7.4505839347839355,7.449036121368408,7.550409317016602,7.45497989654541,7.451524257659912,7.553009986877441,7.510442733764648,7.449688911437988,7.640921115875244,7.467742443084717,7.4980363845825195,7.5908966064453125,7.472212791442871,7.481819152832031,7.542185306549072,7.469017028808594,7.536673545837402,7.56311559677124,7.467016696929932,7.499478340148926,7.593698978424072,7.4915337562561035,7.481974124908447,7.655020713806152,7.478785037994385,7.490416049957275,7.913344383239746,7.459873676300049,7.450361251831055,7.715577602386475,7.4551472663879395,7.4667840003967285,7.778860092163086,7.545672416687012,7.629839897155762,8.559675216674805
7.934664726257324,7.4628496170043945,7.444396018981934,7.455564498901367,7.447906494140625,7.4445576667785645,7.466511249542236,7.44978141784668,7.444661617279053,7.498904228210449,7.44462251663208,7.444617748260498,7.523651123046875,7.44591760635376,7.444275856018066,7.547008514404297,7.450510501861572,7.446956157684326,7.549814701080322,7.506837368011475,7.444944381713867,7.637887477874756,7.463634490966797,7.494419097900391,7.587665557861328,7.468183517456055,7.477845191955566,7.538686275482178,7.46502685546875,7.533238887786865,7.559817314147949,7.462860107421875,7.495658874511719,7.590638160705566,7.487562656402588,7.477878570556641,7.652135372161865,7.474351406097412,7.48629903793335,7.911518096923828,7.455127239227295,7.445721626281738,7.713374614715576,7.450613498687744,7.463258266448975,7.776553630828857,7.542703628540039,7.626457691192627,8.557857513427734
7.900169372558594,7.399012565612793,7.378450870513916,7.391013145446777,7.382589340209961,7.37879753112793,7.403102874755859,7.385171890258789,7.37885046005249,7.437220096588135,7.378684997558594,7.378808498382568,7.463393211364746,7.380402088165283,7.37834358215332,7.489046573638916,7.385829925537109,7.381590843200684,7.49193811416626,7.446165084838867,7.379098415374756,7.587506294250488,7.399936676025391,7.4324445724487305,7.531715393066406,7.40383243560791,7.41393518447876,7.479154109954834,7.4011335372924805,7.472929000854492,7.502368450164795,7.398788928985596,7.432640552520752,7.535788536071777,7.424722194671631,7.413611888885498,7.603218078613281,7.409951686859131,7.42496919631958,7.881341457366943,7.389315128326416,7.380459308624268,7.677303314208984,7.386150360107422,7.4028496742248535,7.738242149353027,7.486780166625977,7.569134712219238,8.529194831848145
7.898579120635986,7.397030353546143,7.376086711883545,7.388926982879639,7.380377292633057,7.37643575668335,7.401139259338379,7.383066654205322,7.376512050628662,7.435414791107178,7.376315116882324,7.376451015472412,7.46162748336792,7.378171443939209,7.375975608825684,7.487429141998291,7.383676052093506,7.379350185394287,7.490287780761719,7.444454669952393,7.376755714416504,7.5860066413879395,7.397876739501953,7.430583953857422,7.530081272125244,7.401788711547852,7.412064075469971,7.477443218231201,7.399127960205078,7.471216678619385,7.500699996948242,7.396812438964844,7.43078088760376,7.534251689910889,7.422872066497803,7.411609172821045,7.601747989654541,7.407857894897461,7.423108100891113,7.880429744720459,7.386982440948486,7.378340721130371,7.6761956214904785,7.384001731872559,7.401176929473877,7.73712682723999,7.485329627990723,7.56756591796875,8.528285026550293
7.89650297164917,7.392962455749512,7.371346473693848,7.384729862213135,7.375980854034424,7.371687412261963,7.397238254547119,7.378779411315918,7.371841907501221,7.431742191314697,7.371564865112305,7.371730804443359,7.4581780433654785,7.373658180236816,7.371219158172607,7.484151363372803,7.379349231719971,7.374895095825195,7.486858367919922,7.440942764282227,7.372043132781982,7.583149433135986,7.3937225341796875,7.426619052886963,7.5268049240112305,7.39776086807251,7.407873153686523,7.4741106033325195,7.395529747009277,7.4681172370910645,7.49743127822876,7.392762184143066,7.427055835723877,7.531167507171631,7.419138431549072,7.407532691955566,7.598936080932617,7.40364408493042,7.419581890106201,7.878405570983887,7.382277965545654,7.373966693878174,7.673940181732178,7.379803657531738,7.3978962898254395,7.734945774078369,7.482442378997803,7.564172744750977,8.526301383972168
7.862576007843018,7.332256317138672,7.308352947235107,7.323890209197998,7.314138412475586,7.3087663650512695,7.33680534362793,7.317600250244141,7.309165954589844,7.372533321380615,7.308566093444824,7.308982849121094,7.400529861450195,7.31143856048584,7.308239936828613,7.428036689758301,7.31821870803833,7.3129072189331055,7.431302070617676,7.382961750030518,7.309234619140625,7.534668922424316,7.332837104797363,7.366548538208008,7.473362445831299,7.336402416229248,7.346395015716553,7.417922019958496,7.335672378540039,7.412611961364746,7.442224979400635,7.331835746765137,7.36689567565918,7.478765487670898,7.359364986419678,7.34700870513916,7.552680492401123,7.342918395996094,7.360980987548828,7.847702503204346,7.3196234703063965,7.312675952911377,7.63700008392334,7.3187479972839355,7.340965747833252,7.697986602783203,7.429174423217773,7.51092004776001,8.493144989013672
7.825003147125244,7.27239990234375,7.246043682098389,7.263540744781494,7.253364562988281,7.2464070320129395,7.2769694328308105,7.2574005126953125,7.247457981109619,7.31419038772583,7.246268272399902,7.247002124786377,7.343081474304199,7.250153064727783,7.245817184448242,7.372781276702881,7.258066177368164,7.252065658569336,7.375749111175537,7.325771808624268,7.247196674346924,7.48622989654541,7.272751331329346,7.30731201171875,7.420073986053467,7.275937080383301,7.28614616394043,7.361729145050049,7.276240825653076,7.357000827789307,7.387277603149414,7.271986961364746,7.307474613189697,7.4262590408325195,7.300319671630859,7.286838054656982,7.505246639251709,7.2827982902526855,7.302314281463623,7.816403388977051,7.257829189300537,7.253150939941406,7.604011535644531,7.2584309577941895,7.285122871398926,7.659366130828857,7.376965522766113,7.458049297332764,8.459117889404297
7.824108600616455,7.270559310913086,7.24383544921875,7.261641025543213,7.251350402832031,7.244068622589111,7.2751288414001465,7.255544185638428,7.245351791381836,7.312364101409912,7.244027137756348,7.244810581207275,7.341395378112793,7.24812650680542,7.243535995483398,7.371108531951904,7.256217002868652,7.250030040740967,7.374145030975342,7.324092388153076,7.245002746582031,7.484814167022705,7.27082633972168,7.305553436279297,7.418388843536377,7.274052143096924,7.284178733825684,7.3600172996521,7.274451732635498,7.355367660522461,7.385642051696777,7.270135402679443,7.305618762969971,7.424802303314209,7.298490047454834,7.284873008728027,7.503790378570557,7.281019687652588,7.300539493560791,7.815431118011475,7.255687713623047,7.251448154449463,7.602914333343506,7.256631374359131,7.283564567565918,7.6582231521606445,7.375575542449951,7.4564642906188965,8.457809448242188
7.785691738128662,7.213857173919678,7.185692310333252,7.205021381378174,7.194326400756836,7.185506820678711,7.218982219696045,7.199065685272217,7.187826633453369,7.257664203643799,7.185488700866699,7.18702507019043,7.287065029144287,7.19089937210083,7.184711933135986,7.319016456604004,7.2000932693481445,7.1932053565979,7.32181978225708,7.270276069641113,7.187332630157471,7.437677383422852,7.21425199508667,7.249820709228516,7.367441654205322,7.217034816741943,7.227419853210449,7.307020664215088,7.218709945678711,7.302309989929199,7.333109378814697,7.21378755569458,7.249542713165283,7.374829292297363,7.24267578125,7.228117942810059,7.459781169891357,7.224842071533203,7.245666980743408,7.7822585105896,7.198180675506592,7.19650411605835,7.569374084472656,7.201179027557373,7.2315287590026855,7.625094890594482,7.326920032501221,7.407070636749268,8.432879447937012
7.784332275390625,7.211954593658447,7.183723449707031,7.203173637390137,7.192553997039795,7.183546543121338,7.217187404632568,7.197239875793457,7.185975074768066,7.2559285163879395,7.183445453643799,7.185140609741211,7.285398960113525,7.189101219177246,7.182644844055176,7.317420959472656,7.198351860046387,7.191397666931152,7.320258140563965,7.268667221069336,7.18537712097168,7.436210632324219,7.212467670440674,7.248022556304932,7.365717887878418,7.215041160583496,7.225496292114258,7.30537223815918,7.216766357421875,7.300530433654785,7.3315558433532715,7.21199893951416,7.247992515563965,7.373373508453369,7.240927219390869,7.226325511932373,7.458506107330322,7.223150253295898,7.244022369384766,7.781216144561768,7.196245193481445,7.194906711578369,7.568276405334473,7.199550151824951,7.230066299438477,7.624013423919678,7.325584888458252,7.4057087898254395,8.431957244873047
7.77862548828125,7.202838897705078,7.174074172973633,7.193964958190918,7.183189392089844,7.173640727996826,7.208295822143555,7.188319683074951,7.176323890686035,7.247252464294434,7.1736650466918945,7.175663948059082,7.276855945587158,7.179650783538818,7.172656059265137,7.309442520141602,7.189449787139893,7.182438850402832,7.312315940856934,7.260594844818115,7.175910949707031,7.4283013343811035,7.203619003295898,7.239559650421143,7.35745096206665,7.205742359161377,7.216148376464844,7.296914100646973,7.207701683044434,7.292018413543701,7.323713302612305,7.203138828277588,7.23996114730835,7.366000652313232,7.232037544250488,7.2172136306762695,7.451443672180176,7.2145161628723145,7.235610485076904,7.775715351104736,7.186758995056152,7.1868896484375,7.562584400177002,7.191344261169434,7.22270393371582,7.618560314178467,7.3189544677734375,7.398298263549805,8.426753997802734
7.777357578277588,7.200964450836182,7.172152996063232,7.192091941833496,7.181363582611084,7.171658515930176,7.206553936004639,7.186616897583008,7.174396991729736,7.245536804199219,7.171769618988037,7.173837661743164,7.275123596191406,7.177814483642578,7.1706671714782715,7.307782173156738,7.187728404998779,7.180620193481445,7.310741901397705,7.25899600982666,7.17404842376709,7.426764965057373,7.201850414276123,7.237889766693115,7.355894565582275,7.2039971351623535,7.214297294616699,7.29526424407959,7.20593786239624,7.290409088134766,7.322176933288574,7.201346397399902,7.23837423324585,7.364548683166504,7.2303338050842285,7.21535062789917,7.450031280517578,7.21275520324707,7.233797550201416,7.77466344833374,7.184891700744629,7.185253620147705,7.561447620391846,7.18973445892334,7.221211910247803,7.617372989654541,7.317600727081299,7.396817207336426,8.425705909729004
7.772008419036865,7.193881988525391,7.1646294593811035,7.18492317199707,7.174042701721191,7.164106369018555,7.1994805335998535,7.179483413696289,7.166969299316406,7.238673210144043,7.163996696472168,7.166494846343994,7.268102169036865,7.170503616333008,7.163045883178711,7.3013739585876465,7.180605411529541,7.17346715927124,7.304418087005615,7.252460479736328,7.166649341583252,7.420407772064209,7.194863796234131,7.231077194213867,7.34928560256958,7.1966776847839355,7.206980228424072,7.288422107696533,7.1989521980285645,7.284536838531494,7.3157854080200195,7.194241046905518,7.23190975189209,7.3586883544921875,7.223299026489258,7.208135604858398,7.444417476654053,7.205715656280518,7.226738929748535,7.77005672454834,7.1774373054504395,7.178651332855225,7.5568366050720215,7.183365821838379,7.215363502502441,7.612897872924805,7.3121562004089355,7.390935897827148,8.421607971191406
7.766217231750488,7.186697006225586,7.157205104827881,7.1777024269104,7.16694974899292,7.156903266906738,7.192201614379883,7.1724138259887695,7.159542083740234,7.231805324554443,7.156708240509033,7.159347057342529,7.261206150054932,7.1632537841796875,7.155543327331543,7.294885635375977,7.1736226081848145,7.166383743286133,7.29802131652832,7.24594259262085,7.159341812133789,7.414112091064453,7.187722682952881,7.224194049835205,7.342796325683594,7.189303398132324,7.199434757232666,7.28186559677124,7.191804885864258,7.278652191162109,7.309515476226807,7.1870598793029785,7.225396633148193,7.352686405181885,7.21655797958374,7.201369762420654,7.438745021820068,7.1986823081970215,7.220035076141357,7.7656426429748535,7.170223712921143,7.172291278839111,7.5521745681762695,7.177003860473633,7.209601402282715,7.608391284942627,7.3068318367004395,7.385100841522217,8.41746711730957
